_id,"device_id",Unknown_morning,Unknown_afternoon,Unknown_evening,Communication_morning,Communication_afternoon,Communication_evening,Social_morning,Social_afternoon,Social_evening,Travel_morning,Travel_afternoon,Travel_evening,Productivity_morning,Productivity_afternoon,Productivity_evening,Weather_morning,Weather_afternoon,Weather_evening,Finance_morning,Finance_afternoon,Finance_evening,Entertainment_morning,Entertainment_afternoon,Entertainment_evening,Books_morning,Books_afternoon,Books_evening,Personalization_morning,Personalization_afternoon,Personalization_evening,Lifestyle_morning,Lifestyle_afternoon,Lifestyle_evening,Game_morning,Game_afternoon,Game_evening,Health_morning,Health_afternoon,Health_evening,Libraries_morning,Libraries_afternoon,Libraries_evening,Education_morning,Education_afternoon,Education_evening
1,"afbaec11-75c4-48df-b43c-3878b3359a04",0.127584,0.258132,0.614284,0.225397,0.302714,0.471889,0.175477,0.202277,0.622246,0.140982,0.392333,0.466685,0.278533,0.348119,0.373348,0.393735,0.290099,0.316166,0.337487,0.391514,0.271,0.337487,0.391514,0.271,0.337487,0.391514,0.271,0.337487,0.391514,0.271,0.337487,0.391514,0.271,0.337487,0.391514,0.271,0.337487,0.391514,0.271,0.337487,0.391514,0.271,0.337487,0.391514,0.271
2,"6d4c24e8-80ae-4d0a-a24a-71fce85098b9",0.186381,0.173046,0.640573,0.297795,0.244782,0.457423,0.320902,0.272973,0.406126,0.34511,0.251237,0.403652,0.454101,0.217326,0.328573,0.545084,0.181105,0.273811,0.467215,0.242274,0.290511,0.422236,0.247146,0.330618,0.422236,0.247146,0.330618,0.422236,0.247146,0.330618,0.422236,0.247146,0.330618,0.435197,0.205955,0.358848,0.40172,0.190112,0.408168,0.40172,0.190112,0.408168,0.40172,0.190112,0.408168
3,"86f968cc-27cc-4e06-85fb-f4296cdf3d20",0.278723,0.229387,0.49189,0.306609,0.282741,0.41065,0.315382,0.253605,0.431012,0.352654,0.280276,0.36707,0.464615,0.232817,0.302568,0.537942,0.204046,0.258011,0.502256,0.231884,0.26586,0.416115,0.265143,0.318742,0.378286,0.241039,0.380675,0.378286,0.241039,0.380675,0.378286,0.241039,0.380675,0.378286,0.241039,0.380675,0.346762,0.304286,0.348952,0.346762,0.304286,0.348952,0.346762,0.304286,0.348952
4,"5f85a44f-fd53-4544-ac89-47b9d0b9050c",0.395365,0.138838,0.465797,0.449903,0.252561,0.297536,0.439115,0.252295,0.30859,0.376734,0.246256,0.377011,0.437358,0.260289,0.302353,0.437358,0.260289,0.302353,0.437358,0.260289,0.302353,0.473153,0.32436,0.202487,0.42058,0.399431,0.179988,0.378522,0.359488,0.26199,0.378522,0.359488,0.26199,0.378522,0.359488,0.26199,0.378522,0.359488,0.26199,0.378522,0.359488,0.26199,0.378522,0.359488,0.26199
5,"c06905bb-e022-4353-86cb-1dbfe1d33967",0.485306,0.38784,0.126854,0.613884,0.278147,0.107969,0.480075,0.325256,0.194669,0.407426,0.446333,0.146241,0.464364,0.364067,0.171569,0.464364,0.364067,0.171569,0.38697,0.303389,0.309641,0.35988,0.237927,0.402193,0.35988,0.237927,0.402193,0.32989,0.2181,0.45201,0.336648,0.227058,0.436294,0.379208,0.215662,0.40513,0.353927,0.201285,0.444788,0.353927,0.201285,0.444788,0.353927,0.201285,0.444788
6,"2a44be79-a397-478e-8cbd-491defee4507",0.388297,0.223446,0.388257,0.309501,0.156627,0.533871,0.365118,0.126182,0.5087,0.365118,0.126182,0.5087,0.273838,0.094636,0.631525,0.273838,0.094636,0.631525,0.419071,0.075709,0.50522,0.571681,0.054078,0.374241,0.571681,0.054078,0.374241,0.571681,0.054078,0.374241,0.571681,0.054078,0.374241,0.571681,0.054078,0.374241,0.500221,0.17184,0.327939,0.500221,0.17184,0.327939,0.500221,0.17184,0.327939
7,"0f7c41ec-4159-4fba-865a-d2696dd2c6ef",0.089983,0.252866,0.657151,0.06746,0.433856,0.498684,0.068339,0.308796,0.622865,0.041372,0.541784,0.416844,0.050947,0.529648,0.419405,0.052208,0.479291,0.468501,0.041214,0.510673,0.448113,0.053392,0.438032,0.508576,0.051345,0.428548,0.520108,0.048452,0.447792,0.503755,0.045602,0.479735,0.474663,0.038762,0.457774,0.503464,0.036916,0.483595,0.479489,0.036916,0.483595,0.479489,0.036916,0.483595,0.479489
8,"08bfeec9-dfcf-4cca-ad46-7bfcbe26e5c2",0.045695,0.495554,0.458751,0.194213,0.471066,0.33472,0.129475,0.627432,0.243092,0.347106,0.470574,0.182319,0.468957,0.376459,0.154583,0.468957,0.376459,0.154583,0.390798,0.480383,0.12882,0.392401,0.413554,0.194045,0.392401,0.413554,0.194045,0.392401,0.413554,0.194045,0.392401,0.413554,0.194045,0.392401,0.413554,0.194045,0.392401,0.413554,0.194045,0.392401,0.413554,0.194045,0.392401,0.413554,0.194045
9,"7cda5924-c0bd-478d-904d-a390189d6432",0.646222,0,0.353778,0.515473,0,0.484527,0.422247,0,0.577753,0.469128,0,0.530872,0.441632,0,0.558368,0.441632,0,0.558368,0.441632,0,0.558368,0.365468,0,0.634532,0.365468,0,0.634532,0.359946,0,0.640054,0.359946,0,0.640054,0.359946,0,0.640054,0.359946,0,0.640054,0.359946,0,0.640054,0.359946,0,0.640054
10,"d632c816-bbf4-4d66-9413-4b4eca63c57e",0.509469,0,0.490531,0.321327,0.011033,0.667639,0.214218,0.007356,0.778426,0.341276,0.005517,0.653208,0.341276,0.005517,0.653208,0.28595,0.120237,0.593813,0.28595,0.120237,0.593813,0.28595,0.120237,0.593813,0.28595,0.120237,0.593813,0.238291,0.100198,0.661511,0.238291,0.100198,0.661511,0.238291,0.100198,0.661511,0.229302,0.085884,0.684815,0.229302,0.085884,0.684815,0.229302,0.085884,0.684815
11,"33ea8037-8052-415a-87cb-f6c6e12a4c52",0.240129,0.181655,0.578216,0.391617,0.229318,0.379065,0.380373,0.325581,0.294046,0.373226,0.322639,0.304135,0.377604,0.367589,0.254807,0.377604,0.367589,0.254807,0.377604,0.367589,0.254807,0.308516,0.301531,0.389953,0.308516,0.301531,0.389953,0.31222,0.294164,0.393616,0.31222,0.294164,0.393616,0.3143,0.294279,0.391422,0.290123,0.348565,0.361312,0.290123,0.348565,0.361312,0.290123,0.348565,0.361312
12,"e9ba6a24-5e7b-44f8-8b43-a71f92e8ae04",0.152326,0.281872,0.565802,0.146344,0.291721,0.561935,0.196411,0.38534,0.418249,0.207661,0.426658,0.365681,0.224112,0.417249,0.358639,0.252793,0.405285,0.341922,0.376955,0.383699,0.239345,0.262406,0.362092,0.375502,0.270654,0.372125,0.357221,0.270654,0.372125,0.357221,0.305364,0.354394,0.340242,0.251529,0.402737,0.345734,0.251529,0.402737,0.345734,0.276316,0.393665,0.330019,0.276316,0.393665,0.330019
13,"03b71f3f-2a39-44d1-a1d3-f66cd6b2eb5d",0.129367,0.814696,0.055937,0.352864,0.506033,0.141103,0.376593,0.417132,0.206275,0.461585,0.312849,0.225566,0.4637,0.253042,0.283258,0.4637,0.253042,0.283258,0.4637,0.253042,0.283258,0.333887,0.305093,0.361019,0.333887,0.305093,0.361019,0.345945,0.314733,0.339322,0.345945,0.314733,0.339322,0.345945,0.314733,0.339322,0.345945,0.314733,0.339322,0.345945,0.314733,0.339322,0.345945,0.314733,0.339322
14,"113211a4-1e96-4168-a0e8-fb205a367271",0,0.000133,0.999867,0,0.041246,0.958754,0,0.028057,0.971943,0,0.028057,0.971943,0,0.028057,0.971943,0,0.028057,0.971943,0,0.028057,0.971943,0,0.271043,0.728957,0,0.271043,0.728957,0,0.271043,0.728957,0,0.271043,0.728957,0,0.271043,0.728957,0,0.271043,0.728957,0,0.271043,0.728957,0,0.271043,0.728957
15,"0c030ede-4ebd-409c-bc76-344d5a08dadc",0.765229,0.170271,0.0645,0.558246,0.162682,0.279072,0.628797,0.159965,0.211238,0.55802,0.161504,0.280476,0.451493,0.323994,0.224512,0.507178,0.296378,0.196444,0.576723,0.292314,0.130962,0.549487,0.335934,0.114579,0.510238,0.383367,0.106395,0.510238,0.383367,0.106395,0.528339,0.372359,0.099302,0.557275,0.349629,0.093096,0.557275,0.349629,0.093096,0.557275,0.349629,0.093096,0.557275,0.349629,0.093096
16,"251c72dd-0cf2-4b20-ab82-2e78e806f273",0.931249,0.053018,0.015733,0.795564,0.191106,0.01333,0.650777,0.337863,0.01136,0.73436,0.257072,0.008567,0.747152,0.235121,0.017727,0.740419,0.244809,0.014772,0.777202,0.210136,0.012662,0.763266,0.147128,0.089606,0.763266,0.147128,0.089606,0.763266,0.147128,0.089606,0.694052,0.133752,0.172196,0.694052,0.133752,0.172196,0.719548,0.122606,0.157846,0.719548,0.122606,0.157846,0.719548,0.122606,0.157846
17,"99b19045-09df-4aba-834f-ddc4932f9923",0.194584,0.094786,0.71063,0.247364,0.266119,0.486517,0.245099,0.318857,0.436044,0.433824,0.239143,0.327033,0.359923,0.203473,0.436604,0.359923,0.203473,0.436604,0.466602,0.169561,0.363837,0.399945,0.145338,0.454717,0.399945,0.145338,0.454717,0.399945,0.145338,0.454717,0.399945,0.145338,0.454717,0.349952,0.12717,0.522878,0.349952,0.12717,0.522878,0.349952,0.12717,0.522878,0.349952,0.12717,0.522878
18,"22a4ce30-ab29-4c8d-9b3e-e6da26fd0a88",0.353704,0.257357,0.388939,0.262454,0.234837,0.502709,0.185077,0.193733,0.62119,0.126364,0.151817,0.721819,0.177903,0.177112,0.644985,0.197716,0.173057,0.629226,0.243365,0.206062,0.550573,0.219296,0.205366,0.575338,0.219296,0.205366,0.575338,0.219296,0.205366,0.575338,0.202427,0.189569,0.608004,0.172855,0.154025,0.67312,0.172855,0.154025,0.67312,0.172855,0.154025,0.67312,0.172855,0.154025,0.67312
19,"d8f6890b-fa70-4fc3-8093-63eb264e3642",0.177749,0.022088,0.800163,0.317817,0.06508,0.617103,0.495708,0.08596,0.418332,0.371781,0.203538,0.424681,0.315402,0.198565,0.486033,0.412301,0.165471,0.422228,0.447747,0.141832,0.410421,0.413736,0.162845,0.423419,0.413736,0.162845,0.423419,0.460023,0.150359,0.389617,0.424637,0.215716,0.359647,0.468735,0.238892,0.292373,0.468735,0.238892,0.292373,0.468735,0.238892,0.292373,0.468735,0.238892,0.292373
20,"287f03e9-08eb-485a-80d0-34defb5ccf75",0.318365,0.200589,0.481046,0.322404,0.214357,0.463239,0.548269,0.142905,0.308826,0.548269,0.142905,0.308826,0.661202,0.107179,0.23162,0.661202,0.107179,0.23162,0.661202,0.107179,0.23162,0.734316,0.111271,0.154413,0.734316,0.111271,0.154413,0.734316,0.111271,0.154413,0.772271,0.095375,0.132354,0.772271,0.095375,0.132354,0.772271,0.095375,0.132354,0.772271,0.095375,0.132354,0.772271,0.095375,0.132354
21,"f9a8edcf-96d8-471a-a435-9b7d3cb9cdb6",0.181363,0.275479,0.543158,0.109341,0.212649,0.67801,0.101401,0.155478,0.743121,0.101401,0.155478,0.743121,0.076051,0.116608,0.807341,0.128594,0.225533,0.645872,0.091853,0.303952,0.604195,0.13842,0.244307,0.617273,0.13842,0.244307,0.617273,0.133069,0.261841,0.605089,0.133069,0.261841,0.605089,0.111206,0.278667,0.610127,0.111206,0.278667,0.610127,0.111206,0.278667,0.610127,0.111206,0.278667,0.610127
22,"77b434ce-18a8-46d4-80f7-0c8b1381eb06",0.425758,0.44848,0.125762,0.517751,0.368824,0.113425,0.538876,0.368906,0.092218,0.541407,0.34606,0.112533,0.555556,0.336749,0.107695,0.550024,0.348959,0.101017,0.625773,0.297761,0.076466,0.522739,0.408113,0.069148,0.482529,0.381389,0.136082,0.482529,0.381389,0.136082,0.482529,0.381389,0.136082,0.482529,0.381389,0.136082,0.47388,0.373375,0.152745,0.47388,0.373375,0.152745,0.47388,0.373375,0.152745
23,"bbc2a616-e3ab-4630-818a-264841c7d0fd",0.771626,0.044067,0.184307,0.593508,0.19708,0.209412,0.593508,0.19708,0.209412,0.436657,0.374744,0.188599,0.484475,0.295027,0.220499,0.484475,0.295027,0.220499,0.484475,0.295027,0.220499,0.543813,0.272513,0.183674,0.483389,0.353345,0.163265,0.483389,0.353345,0.163265,0.483389,0.353345,0.163265,0.499157,0.339605,0.161238,0.499157,0.339605,0.161238,0.499157,0.339605,0.161238,0.499157,0.339605,0.161238
24,"8f66ced5-7a89-4e6b-9e7c-b1f2813d16b3",0.053416,0.507226,0.439358,0.061897,0.53193,0.406173,0.046107,0.629718,0.324176,0.03458,0.623985,0.341435,0.046977,0.605023,0.347999,0.046977,0.605023,0.347999,0.046977,0.605023,0.347999,0.13721,0.533217,0.329573,0.13721,0.533217,0.329573,0.13721,0.533217,0.329573,0.13721,0.533217,0.329573,0.13721,0.533217,0.329573,0.13721,0.533217,0.329573,0.13721,0.533217,0.329573,0.13721,0.533217,0.329573
25,"64a134e2-b105-4125-930a-d2b0732cb7d2",0.172762,0,0.827238,0.134549,0,0.865452,0.134549,0,0.865452,0.134549,0,0.865452,0.134549,0,0.865452,0.345295,0,0.654705,0.345295,0,0.654705,0.508971,0,0.491029,0.508971,0,0.491029,0.508971,0,0.491029,0.508971,0,0.491029,0.508971,0,0.491029,0.508971,0,0.491029,0.508971,0,0.491029,0.508971,0,0.491029
26,"a37e0add-0249-484a-ad12-574fae796ac2",0,0,1,0,0,1,0,0,1,0,0,1,0,0,1,0,0,1,0,0,1,0,0,1,0,0,1,0,0,1,0,0,1,0,0,1,0,0,1,0,0,1,0,0,1
27,"0f155df6-1f6b-4e9c-83d1-d4452913a071",0.075926,0.131025,0.793049,0.235359,0.145962,0.618678,0.156906,0.097308,0.745785,0.11768,0.072981,0.809339,0.149597,0.073554,0.776849,0.149597,0.073554,0.776849,0.149597,0.073554,0.776849,0.151367,0.229984,0.618649,0.151367,0.229984,0.618649,0.151367,0.229984,0.618649,0.151367,0.229984,0.618649,0.151367,0.229984,0.618649,0.151367,0.229984,0.618649,0.151367,0.229984,0.618649,0.151367,0.229984,0.618649
28,"bc47989b-c288-4de8-821f-d11f227e3e42",0.125242,0.284981,0.589777,0.107324,0.218664,0.674012,0.177483,0.222575,0.599942,0.133112,0.213954,0.652933,0.127952,0.273325,0.598723,0.127952,0.273325,0.598723,0.106627,0.394437,0.498936,0.08928,0.372968,0.537752,0.104916,0.352033,0.543051,0.103566,0.344901,0.551533,0.110279,0.340607,0.549113,0.102402,0.316278,0.581319,0.102402,0.316278,0.581319,0.102402,0.316278,0.581319,0.102402,0.316278,0.581319
29,"e584ffc0-5f9e-4f61-9810-670d1e49e901",0.203849,0.309626,0.486525,0.348599,0.20556,0.445841,0.310922,0.138002,0.551076,0.262168,0.125043,0.61279,0.281458,0.145354,0.573187,0.281458,0.145354,0.573187,0.278669,0.166176,0.555155,0.370125,0.12696,0.502915,0.427386,0.115419,0.457195,0.427386,0.115419,0.457195,0.427386,0.115419,0.457195,0.475104,0.1058,0.419096,0.475104,0.1058,0.419096,0.475104,0.1058,0.419096,0.505374,0.097662,0.396964
30,"a9afa150-173a-4103-94a5-f34797dfbed9",0.175271,0.418273,0.406456,0.234874,0.315073,0.450053,0.22168,0.289521,0.4888,0.20074,0.326605,0.472655,0.262449,0.347621,0.38993,0.262449,0.347621,0.38993,0.252611,0.414163,0.333227,0.179,0.391526,0.429474,0.164083,0.358899,0.477018,0.151461,0.408214,0.440324,0.145771,0.379056,0.475173,0.14218,0.418508,0.439313,0.14218,0.418508,0.439313,0.14218,0.418508,0.439313,0.14218,0.418508,0.439313
31,"f3fd3395-ac57-4902-abcb-e1840795f4be",0,0,1,0,0,1,0,0,1,0,0,1,0,0,1,0,0,1,0,0,1,0,0,1,0,0,1,0,0,1,0,0,1,0,0,1,0,0,1,0,0,1,0,0,1
32,"dda31ab8-d40a-4b7b-a659-9f4cc23d98e3",0.242203,0.003945,0.753852,0.15305,0.006162,0.840788,0.140466,0.201222,0.658312,0.10535,0.150916,0.743734,0.10535,0.150916,0.743734,0.10535,0.150916,0.743734,0.08428,0.120733,0.794987,0.138631,0.131996,0.729373,0.138631,0.131996,0.729373,0.138631,0.131996,0.729373,0.138631,0.131996,0.729373,0.246485,0.150947,0.602568,0.246485,0.150947,0.602568,0.246485,0.150947,0.602568,0.246485,0.150947,0.602568
33,"7dc470ef-90d7-4d4a-bcbc-860a3d1da445",0.002513,0.041012,0.956475,0.004029,0.500268,0.495704,0.010635,0.593454,0.395911,0.007976,0.562609,0.429415,0.006381,0.488763,0.504856,0.006381,0.488763,0.504856,0.004174,0.333739,0.662087,0.008394,0.280298,0.711309,0.008394,0.280298,0.711309,0.008394,0.280298,0.711309,0.007748,0.258736,0.733516,0.007748,0.258736,0.733516,0.02932,0.243302,0.727378,0.02932,0.243302,0.727378,0.02932,0.243302,0.727378
34,"9bc16932-5446-40bf-8011-392cc6d83906",0.536186,0.212822,0.250992,0.384501,0.435455,0.180044,0.373737,0.365319,0.260943,0.28284,0.512478,0.204682,0.301323,0.45999,0.238687,0.269182,0.404367,0.326451,0.346007,0.433614,0.220379,0.380656,0.375642,0.243702,0.355279,0.417266,0.227455,0.358192,0.41027,0.231538,0.397844,0.376797,0.225358,0.414659,0.354141,0.2312,0.414659,0.354141,0.2312,0.414659,0.354141,0.2312,0.421476,0.346568,0.231956
35,"9129d6b5-9d52-4f0f-8298-3421dbf2a359",0.308001,0.207679,0.48432,0.181924,0.307419,0.510657,0.121283,0.495661,0.383056,0.121283,0.495661,0.383056,0.121283,0.495661,0.383056,0.090962,0.371746,0.537292,0.090962,0.371746,0.537292,0.091723,0.231751,0.676527,0.080257,0.202782,0.716961,0.080257,0.202782,0.716961,0.080257,0.202782,0.716961,0.080257,0.202782,0.716961,0.080257,0.202782,0.716961,0.080257,0.202782,0.716961,0.080257,0.202782,0.716961
36,"49ee9333-9e87-4ae8-817f-8d3c05d341d8",1,0,0,1,0,0,1,0,0,1,0,0,1,0,0,1,0,0,1,0,0,1,0,0,1,0,0,1,0,0,1,0,0,1,0,0,1,0,0,1,0,0,1,0,0
37,"9a9be2ac-ff80-42e4-9e12-14345dc5a458",0.487449,0.512551,0,0.637943,0.362057,0,0.544412,0.455588,0,0.544412,0.455588,0,0.408309,0.591691,0,0.408309,0.591691,0,0.526647,0.473353,0,0.438873,0.561127,0,0.438873,0.561127,0,0.438873,0.561127,0,0.438873,0.561127,0,0.438873,0.561127,0,0.387276,0.612724,0,0.387276,0.612724,0,0.387276,0.612724,0
38,"eedb78c7-3fa3-41c9-a0ff-e435a80cfd49",0.972834,0.027166,0,0.986417,0.013583,0,0.986417,0.013583,0,0.986417,0.013583,0,0.990945,0.009055,0,0.990945,0.009055,0,0.990945,0.009055,0,0.990945,0.009055,0,0.990945,0.009055,0,0.990945,0.009055,0,0.990945,0.009055,0,0.990945,0.009055,0,0.990945,0.009055,0,0.990945,0.009055,0,0.990945,0.009055,0
39,"1dfc5843-a0c6-4358-b9fd-eecb18798e3b",0.252727,0.210556,0.536717,0.250077,0.262563,0.48736,0.252459,0.302773,0.444768,0.42776,0.23058,0.34166,0.494941,0.2306,0.274459,0.494941,0.2306,0.274459,0.453382,0.257561,0.289057,0.383658,0.386074,0.230268,0.383658,0.386074,0.230268,0.367819,0.383992,0.248188,0.367819,0.383992,0.248188,0.359622,0.357339,0.283039,0.359622,0.357339,0.283039,0.359622,0.357339,0.283039,0.359622,0.357339,0.283039
40,"11227db3-f2b3-44ca-8bb4-cc20ba7af6f4",0.083265,0.916735,0,0.063669,0.936331,0,0.375779,0.624221,0,0.375779,0.624221,0,0.375779,0.624221,0,0.375779,0.624221,0,0.375779,0.624221,0,0.531834,0.468166,0,0.531834,0.468166,0,0.531834,0.468166,0,0.531834,0.468166,0,0.531834,0.468166,0,0.531834,0.468166,0,0.531834,0.468166,0,0.531834,0.468166,0
41,"41c843b4-adcd-4c25-a450-e574612e295a",0.841062,0.102458,0.05648,0.651716,0.186204,0.16208,0.56039,0.147256,0.292354,0.547842,0.110442,0.341716,0.517368,0.118771,0.363861,0.597806,0.098976,0.303217,0.597806,0.098976,0.303217,0.577542,0.197731,0.224726,0.577542,0.197731,0.224726,0.578385,0.207823,0.213792,0.547194,0.245321,0.207484,0.524651,0.217683,0.257666,0.520516,0.203388,0.276095,0.520516,0.203388,0.276095,0.520516,0.203388,0.276095
42,"ce7bd488-c03d-4613-b89b-34f3c111e889",0.045092,0.040872,0.914036,0.052868,0.329229,0.617903,0.07802,0.256259,0.665721,0.076648,0.192194,0.731158,0.081558,0.185422,0.73302,0.067965,0.162488,0.769547,0.079661,0.20774,0.712599,0.12471,0.199845,0.675445,0.118283,0.185967,0.69575,0.122912,0.176894,0.700194,0.11523,0.218838,0.665931,0.119307,0.253299,0.627394,0.112679,0.264534,0.622788,0.112679,0.264534,0.622788,0.112679,0.264534,0.622788
43,"a18b5945-6c39-4d19-b216-7192b4e0b929",0.521979,0.361439,0.116582,0.557661,0.263316,0.179023,0.437003,0.401452,0.161545,0.495333,0.383508,0.121159,0.534301,0.315348,0.150351,0.500108,0.26279,0.237102,0.428664,0.225248,0.346087,0.516054,0.2247,0.259246,0.487652,0.204273,0.308075,0.478272,0.207368,0.31436,0.463438,0.225129,0.311433,0.431667,0.281347,0.286987,0.431667,0.281347,0.286987,0.431667,0.281347,0.286987,0.431667,0.281347,0.286987
44,"e2036160-73f6-49a4-abd3-c0c5bf094733",0,0.790753,0.209247,0,0.55199,0.44801,0,0.498041,0.501959,0,0.373531,0.626469,0,0.298825,0.701175,0,0.298825,0.701175,0,0.298825,0.701175,0,0.249021,0.75098,0,0.249021,0.75098,0,0.214552,0.785448,0,0.214552,0.785448,0,0.214552,0.785448,0,0.214552,0.785448,0,0.214552,0.785448,0,0.214552,0.785448
45,"6665b446-560e-426f-ab3f-e8727822b80b",1,0,0,0.95958,0.040419,0,0.973054,0.026946,0,0.973054,0.026946,0,0.973054,0.026946,0,0.973054,0.026946,0,0.973054,0.026946,0,0.973054,0.026946,0,0.973054,0.026946,0,0.973054,0.026946,0,0.973054,0.026946,0,0.973054,0.026946,0,0.973054,0.026946,0,0.973054,0.026946,0,0.973054,0.026946,0
46,"e1ecd267-9982-4107-b3c7-951b9e90dc6a",0.002536,0.968726,0.028738,0.026771,0.61378,0.359448,0.027538,0.624407,0.348055,0.027538,0.624407,0.348055,0.078986,0.592992,0.328021,0.078986,0.592992,0.328021,0.078986,0.592992,0.328021,0.063275,0.539881,0.396844,0.056207,0.540561,0.403232,0.056207,0.540561,0.403232,0.048177,0.463338,0.488484,0.048177,0.463338,0.488484,0.048177,0.463338,0.488484,0.048177,0.463338,0.488484,0.048177,0.463338,0.488484
47,"9cd1d472-4147-4d9c-b0d6-fc5f2b07d7a5",1,0,0,1,0,0,1,0,0,1,0,0,1,0,0,1,0,0,1,0,0,1,0,0,1,0,0,1,0,0,1,0,0,1,0,0,1,0,0,1,0,0,1,0,0
48,"4982eeb0-9938-4288-852a-c5c8d759666c",0.104019,0.895981,0,0.142802,0.857198,0,0.141104,0.858896,0,0.141104,0.858896,0,0.355828,0.644172,0,0.355828,0.644172,0,0.355828,0.644172,0,0.403885,0.596115,0,0.403885,0.596115,0,0.403885,0.596115,0,0.393384,0.606616,0,0.344211,0.655789,0,0.344211,0.655789,0,0.344211,0.655789,0,0.344211,0.655789,0
49,"6d90be1a-0af2-4ba5-8296-ae91ad9efe74",1,0,0,1,0,0,1,0,0,1,0,0,1,0,0,1,0,0,1,0,0,1,0,0,1,0,0,1,0,0,1,0,0,1,0,0,1,0,0,1,0,0,1,0,0
50,"98a2b05a-f11b-459d-abf4-ea559609515b",0.005486,0.062666,0.931848,0.002993,0.036999,0.960009,0.001995,0.357999,0.640006,0.001995,0.357999,0.640006,0.005097,0.372368,0.622535,0.005097,0.372368,0.622535,0.005097,0.372368,0.622535,0.002913,0.419433,0.577654,0.002913,0.419433,0.577654,0.005426,0.374472,0.620103,0.005426,0.374472,0.620103,0.005426,0.374472,0.620103,0.004823,0.443975,0.551202,0.004823,0.443975,0.551202,0.004823,0.443975,0.551202
51,"a630ca85-bd42-4315-acf2-492763ca72f8",0.018667,0.418717,0.562616,0.097448,0.399809,0.502743,0.065498,0.357102,0.5774,0.049123,0.267827,0.68305,0.039299,0.229426,0.731276,0.093243,0.245832,0.660925,0.093243,0.245832,0.660925,0.062162,0.193826,0.744012,0.055946,0.174443,0.769611,0.05473,0.195003,0.750267,0.050169,0.178753,0.771078,0.04631,0.165002,0.788687,0.04631,0.165002,0.788687,0.04631,0.165002,0.788687,0.04631,0.165002,0.788687
52,"2bb69ee4-0d81-4189-9219-2c86a7eb8ca0",0.162529,0.828826,0.008645,0.34442,0.525331,0.130248,0.562947,0.350221,0.086832,0.562947,0.350221,0.086832,0.562947,0.350221,0.086832,0.562947,0.350221,0.086832,0.562947,0.350221,0.086832,0.67221,0.262666,0.065124,0.67221,0.262666,0.065124,0.67221,0.262666,0.065124,0.736561,0.21134,0.052099,0.684082,0.289869,0.02605,0.684082,0.289869,0.02605,0.684082,0.289869,0.02605,0.684082,0.289869,0.02605
53,"b51420e6-ba0d-4539-839c-89d3684149b5",0.360562,0.408307,0.231131,0.304008,0.322241,0.373752,0.494448,0.250042,0.25551,0.593423,0.214945,0.191632,0.474738,0.371956,0.153306,0.474738,0.371956,0.153306,0.523463,0.311127,0.165411,0.45803,0.272236,0.269734,0.45803,0.272236,0.269734,0.45803,0.272236,0.269734,0.43883,0.31904,0.24213,0.42347,0.356483,0.220047,0.42347,0.356483,0.220047,0.42347,0.356483,0.220047,0.42347,0.356483,0.220047
54,"db09f576-1fee-4c9d-ae5c-2db25bb05cc5",0,0.193946,0.806054,0.002658,0.322948,0.674393,0.025906,0.268544,0.705549,0.025906,0.268544,0.705549,0.01943,0.375523,0.605047,0.024454,0.306541,0.669005,0.024454,0.306541,0.669005,0.013586,0.280875,0.70554,0.013586,0.280875,0.70554,0.013586,0.280875,0.70554,0.013586,0.280875,0.70554,0.013586,0.280875,0.70554,0.013586,0.280875,0.70554,0.013586,0.280875,0.70554,0.013586,0.280875,0.70554
55,"2bc7baed-7e94-4759-9bc0-e73fecefce82",0,1,0,0,1,0,0,1,0,0,1,0,0,1,0,0,1,0,0,1,0,0,1,0,0,1,0,0,1,0,0,1,0,0,1,0,0,1,0,0,1,0,0,1,0
56,"430c4ce9-2e5d-4db1-a311-3132171dbe05",0,0.110048,0.889952,0,0.055024,0.944976,0,0.055024,0.944976,0,0.055024,0.944976,0,0.055024,0.944976,0,0.055024,0.944976,0,0.055024,0.944976,0,0.036683,0.963317,0,0.036683,0.963317,0,0.036683,0.963317,0,0.036683,0.963317,0,0.027512,0.972488,0,0.027512,0.972488,0,0.027512,0.972488,0,0.027512,0.972488
57,"a188c493-be0f-4441-8ea9-21f1384b7f0c",0,0.791672,0.208328,0,0.717891,0.282109,0,0.760078,0.239922,0,0.743059,0.256941,0,0.683823,0.316177,0,0.705554,0.294446,0,0.721146,0.278854,0,0.631002,0.368998,0,0.631002,0.368998,0,0.672002,0.327998,0,0.672002,0.327998,0,0.672002,0.327998,0,0.672002,0.327998,0,0.672002,0.327998,0,0.672002,0.327998
58,"cb980575-9077-4f39-abb5-091e458dbd28",0.090171,0.276322,0.633507,0.051164,0.17206,0.776776,0.034109,0.119948,0.845942,0.148178,0.089961,0.76186,0.118543,0.17029,0.711167,0.118543,0.17029,0.711167,0.118543,0.17029,0.711167,0.133673,0.141174,0.725154,0.133673,0.141174,0.725154,0.133673,0.141174,0.725154,0.133673,0.141174,0.725154,0.120305,0.127056,0.752638,0.120305,0.127056,0.752638,0.120305,0.127056,0.752638,0.120305,0.127056,0.752638
59,"ab5ae194-dfb8-4b49-94d1-9b17cf8e94cd",0.174155,0.136748,0.689097,0.095144,0.240434,0.664422,0.063429,0.178816,0.757755,0.047572,0.193088,0.75934,0.038057,0.220208,0.741734,0.038057,0.220208,0.741734,0.031714,0.183507,0.784778,0.127629,0.126038,0.746333,0.127629,0.126038,0.746333,0.127629,0.126038,0.746333,0.127629,0.126038,0.746333,0.120316,0.130821,0.748864,0.113771,0.129799,0.756431,0.113771,0.129799,0.756431,0.113771,0.129799,0.756431
60,"2eef50f3-e540-47d7-b9b5-8531695b4a2e",0.771909,0.063973,0.164118,0.415511,0.37731,0.207179,0.309577,0.371549,0.318875,0.232182,0.528661,0.239156,0.193279,0.520673,0.286048,0.193279,0.520673,0.286048,0.280914,0.514766,0.20432,0.229533,0.446372,0.324094,0.20658,0.501735,0.291685,0.20658,0.501735,0.291685,0.207054,0.473156,0.31979,0.172502,0.384738,0.442761,0.218607,0.368149,0.413243,0.218607,0.368149,0.413243,0.218607,0.368149,0.413243
61,"b3b6f59d-002d-400f-ad2d-27b103b3f3d2",0.342237,0.369673,0.288089,0.434295,0.272762,0.292943,0.497055,0.251686,0.251259,0.533422,0.20656,0.260018,0.59919,0.18153,0.21928,0.58705,0.205658,0.207293,0.503185,0.176278,0.320537,0.416003,0.201614,0.382382,0.416003,0.201614,0.382382,0.416003,0.201614,0.382382,0.426489,0.184813,0.388698,0.365562,0.22984,0.404598,0.365562,0.22984,0.404598,0.365562,0.22984,0.404598,0.365562,0.22984,0.404598
62,"ee4b89ff-546b-4e71-b6af-dee9ac521a08",0.177694,0.30119,0.521116,0.334492,0.2642,0.401308,0.247004,0.188942,0.564054,0.435253,0.141706,0.42304,0.370797,0.113365,0.515837,0.370797,0.113365,0.515837,0.475664,0.094471,0.429865,0.410022,0.080975,0.509003,0.410022,0.080975,0.509003,0.410022,0.080975,0.509003,0.410022,0.080975,0.509003,0.410022,0.080975,0.509003,0.410022,0.080975,0.509003,0.410022,0.080975,0.509003,0.410022,0.080975,0.509003
63,"ac32d7c5-e84c-4f43-a356-fab68c06b507",0,0.015355,0.984645,0,0.04503,0.95497,0,0.049198,0.950802,0,0.049198,0.950802,0,0.135952,0.864048,0,0.135952,0.864048,0,0.108761,0.891239,0,0.054381,0.945619,0,0.054381,0.945619,0,0.054381,0.945619,0,0.049437,0.950563,0,0.045317,0.954683,0,0.045317,0.954683,0,0.045317,0.954683,0,0.045317,0.954683
64,"f681b5c0-9af0-49be-a174-461847514f3c",0.052722,0.530037,0.417241,0.105305,0.36808,0.526615,0.217019,0.368548,0.414432,0.158539,0.271793,0.569668,0.139018,0.237215,0.623767,0.139018,0.237215,0.623767,0.095651,0.164407,0.739943,0.234059,0.166044,0.599897,0.234059,0.166044,0.599897,0.21734,0.154184,0.628476,0.21734,0.154184,0.628476,0.21734,0.154184,0.628476,0.240833,0.143905,0.615263,0.240833,0.143905,0.615263,0.240833,0.143905,0.615263
65,"f31028e9-303b-41f5-841f-b3fe990698d4",0.587537,0.031667,0.380796,0.294584,0.133843,0.571574,0.294584,0.133843,0.571574,0.327016,0.158913,0.514071,0.333529,0.205344,0.461126,0.27361,0.204645,0.521745,0.228008,0.323796,0.448196,0.152006,0.290836,0.557158,0.136805,0.261888,0.601307,0.124515,0.280881,0.594603,0.124515,0.280881,0.594603,0.124515,0.280881,0.594603,0.124515,0.280881,0.594603,0.124515,0.280881,0.594603,0.124515,0.280881,0.594603
66,"8132cd26-fceb-494b-91f4-433560176116",0.053303,0.0716,0.875097,0.331896,0.144143,0.523961,0.428996,0.219353,0.351651,0.545624,0.164515,0.289861,0.498974,0.223496,0.277529,0.498974,0.223496,0.277529,0.569314,0.232451,0.198235,0.580704,0.245544,0.173752,0.580704,0.245544,0.173752,0.580704,0.245544,0.173752,0.580704,0.245544,0.173752,0.580704,0.245544,0.173752,0.580704,0.245544,0.173752,0.580704,0.245544,0.173752,0.580704,0.245544,0.173752
67,"c3ef90b2-e046-4ccd-ad2d-46bef42d5686",0.257179,0.092206,0.650615,0.135963,0.278996,0.585041,0.090642,0.329415,0.579943,0.067982,0.288971,0.643048,0.054385,0.306982,0.638633,0.054385,0.306982,0.638633,0.039514,0.308795,0.651691,0.031909,0.299772,0.66832,0.031909,0.299772,0.66832,0.031909,0.299772,0.66832,0.114148,0.312961,0.572891,0.094809,0.26549,0.639701,0.094809,0.26549,0.639701,0.094809,0.26549,0.639701,0.089542,0.28385,0.626609
68,"c2e3746b-ac3a-4b91-923a-895c879cef29",0.538844,0.364544,0.096612,0.501154,0.396213,0.102632,0.334103,0.264142,0.401755,0.500577,0.198107,0.301316,0.600462,0.158485,0.241053,0.600462,0.158485,0.241053,0.627174,0.171949,0.200877,0.663591,0.163412,0.172997,0.663591,0.163412,0.172997,0.663591,0.163412,0.172997,0.705642,0.142985,0.151372,0.705642,0.142985,0.151372,0.705642,0.142985,0.151372,0.705642,0.142985,0.151372,0.710993,0.154454,0.134553
69,"d1a69dc1-6113-4acd-93ea-717b03a4768e",0.419475,0.267301,0.313224,0.310928,0.260181,0.428891,0.351409,0.20432,0.444271,0.411405,0.208921,0.379674,0.360567,0.210816,0.428616,0.360567,0.210816,0.428616,0.441791,0.17568,0.382529,0.441791,0.17568,0.382529,0.441791,0.17568,0.382529,0.441791,0.17568,0.382529,0.441791,0.17568,0.382529,0.465717,0.208725,0.325558,0.462867,0.247748,0.289385,0.462867,0.247748,0.289385,0.462867,0.247748,0.289385
70,"3d99afaa-abca-4d29-9a2f-a5c49e22b5d1",0.538913,0.437201,0.023886,0.373194,0.563138,0.063668,0.329248,0.385788,0.284964,0.396244,0.432348,0.171408,0.334741,0.422437,0.242822,0.339956,0.424367,0.235677,0.297461,0.493484,0.209055,0.362095,0.420744,0.217161,0.33192,0.437551,0.230529,0.362327,0.424173,0.2135,0.405773,0.393875,0.200352,0.405773,0.393875,0.200352,0.445389,0.367616,0.186995,0.445389,0.367616,0.186995,0.445389,0.367616,0.186995
71,"9f322df0-1652-4c1d-a91d-2c8834a2ad71",0.001219,0.149831,0.84895,0.006268,0.197829,0.795903,0.074224,0.353796,0.57198,0.064471,0.490555,0.444974,0.055927,0.526691,0.417382,0.047099,0.524647,0.428254,0.047099,0.524647,0.428254,0.139338,0.49403,0.366631,0.126671,0.451369,0.42196,0.128787,0.45772,0.413493,0.12422,0.494095,0.381686,0.115347,0.525173,0.35948,0.115347,0.525173,0.35948,0.115347,0.525173,0.35948,0.107657,0.556828,0.335515
72,"32db5f39-25bd-4376-85b5-fb93d78d3353",0.072925,0.797141,0.129934,0.11277,0.6501,0.23713,0.243022,0.443974,0.313004,0.182266,0.33298,0.484753,0.145813,0.466384,0.387803,0.145813,0.466384,0.387803,0.145813,0.466384,0.387803,0.145813,0.466384,0.387803,0.145813,0.466384,0.387803,0.145813,0.466384,0.387803,0.145813,0.466384,0.387803,0.145813,0.466384,0.387803,0.145813,0.466384,0.387803,0.145813,0.466384,0.387803,0.145813,0.466384,0.387803
73,"60c73dae-4a7b-41b8-a228-c2ea91b7dc79",0.101741,0,0.898259,0.05087,0,0.949129,0.05087,0,0.949129,0.05087,0,0.949129,0.074037,0,0.925963,0.074037,0,0.925963,0.055528,0,0.944472,0.044422,0,0.955578,0.044422,0,0.955578,0.037026,0,0.962974,0.037026,0,0.962974,0.037026,0,0.962974,0.037026,0,0.962974,0.037026,0,0.962974,0.037026,0,0.962974
74,"742825d4-10af-4f3f-9266-3bbfaab58164",0,0,1,0,0,1,0,0,1,0,0,1,0,0,1,0,0,1,0,0,1,0,0,1,0,0,1,0,0,1,0,0,1,0,0,1,0,0,1,0,0,1,0,0,1
75,"954fb99f-ba6a-445c-bdd6-0416e4868f77",0.124915,0,0.875085,0.129289,0,0.870711,0.250772,0,0.749228,0.250772,0,0.749228,0.188079,0,0.811921,0.202527,0,0.797473,0.168772,0,0.831227,0.144662,0,0.855338,0.144662,0,0.855338,0.144662,0,0.855338,0.126579,0,0.873421,0.112515,0,0.887485,0.112515,0,0.887485,0.112515,0,0.887485,0.112515,0,0.887485
76,"e7fcf2b3-844c-445d-bbb5-3d6490457abe",0.592191,0.136268,0.271541,0.412926,0.248595,0.338479,0.358616,0.307334,0.33405,0.268962,0.334761,0.396276,0.267442,0.302485,0.430073,0.267442,0.302485,0.430073,0.275816,0.28425,0.439935,0.379548,0.226333,0.39412,0.379548,0.226333,0.39412,0.385461,0.242747,0.371791,0.371975,0.252218,0.375807,0.332456,0.318063,0.349481,0.332456,0.318063,0.349481,0.332456,0.318063,0.349481,0.371723,0.299354,0.328923
77,"bf0ccba7-e5c6-4a0e-80d0-1d83533fe3f5",0.018616,0.423336,0.558048,0.021313,0.448966,0.529721,0.014209,0.313014,0.672777,0.010657,0.234761,0.754583,0.012157,0.282126,0.705717,0.012157,0.282126,0.705717,0.05112,0.257499,0.691381,0.030672,0.37909,0.590238,0.030672,0.37909,0.590238,0.030672,0.37909,0.590238,0.027884,0.435536,0.53658,0.02556,0.482575,0.491865,0.02556,0.482575,0.491865,0.02556,0.482575,0.491865,0.02556,0.482575,0.491865
78,"99a054f5-d2f5-48ae-bcae-f42c9162cf75",0.268247,0.068534,0.663219,0.62954,0.03523,0.33523,0.62954,0.03523,0.33523,0.62954,0.03523,0.33523,0.644043,0.062226,0.293731,0.644043,0.062226,0.293731,0.644043,0.062226,0.293731,0.386426,0.237336,0.376239,0.322021,0.19778,0.480199,0.293595,0.205184,0.501221,0.381896,0.179536,0.438568,0.399959,0.143629,0.456413,0.399959,0.143629,0.456413,0.399959,0.143629,0.456413,0.399959,0.143629,0.456413
79,"e83a3f24-5e1c-4d00-bb25-4672ebd9acfb",0.181581,0.693321,0.125098,0.131015,0.402287,0.466698,0.094191,0.268338,0.637471,0.094191,0.268338,0.637471,0.188715,0.266503,0.544782,0.220452,0.29293,0.486618,0.220452,0.29293,0.486618,0.26817,0.254794,0.477035,0.359649,0.222945,0.417406,0.361769,0.216809,0.421423,0.325758,0.195128,0.479115,0.271465,0.175845,0.55269,0.292019,0.171691,0.53629,0.294997,0.207019,0.497984,0.341997,0.193218,0.464785
80,"87f195cb-4975-49cb-961a-ab36e986d45e",0.106781,0,0.893219,0.16295,0,0.83705,0.182191,0,0.817809,0.147699,0,0.852301,0.171618,0,0.828382,0.171618,0,0.828382,0.143015,0,0.856985,0.15882,0,0.84118,0.15882,0,0.84118,0.144032,0,0.855968,0.221847,0,0.778153,0.221847,0,0.778153,0.238045,0,0.761955,0.240622,0,0.759378,0.240622,0,0.759378
81,"c26e96c6-2ddb-4287-8bd8-2e8427aed950",0.057842,0.249038,0.69312,0.049492,0.438545,0.511963,0.032995,0.501543,0.465462,0.019797,0.300926,0.679278,0.022894,0.320442,0.656664,0.019623,0.327452,0.652925,0.14217,0.28652,0.571309,0.164298,0.315124,0.520578,0.151659,0.367807,0.480534,0.182654,0.350293,0.467053,0.230486,0.33111,0.438404,0.230486,0.33111,0.438404,0.230486,0.33111,0.438404,0.230486,0.33111,0.438404,0.230486,0.33111,0.438404
82,"6c0116ef-3883-46a9-8e68-9e7f5d96b79e",0.352304,0.045344,0.602352,0.245216,0.097857,0.656927,0.220088,0.076711,0.703201,0.362783,0.068862,0.568355,0.459736,0.074149,0.466115,0.459736,0.074149,0.466115,0.514075,0.075592,0.410334,0.404937,0.126815,0.468248,0.404937,0.126815,0.468248,0.404937,0.126815,0.468248,0.375059,0.195714,0.429227,0.465447,0.176381,0.358171,0.465447,0.176381,0.358171,0.465447,0.176381,0.358171,0.436357,0.165358,0.398285
83,"3372860e-b042-459e-9dd7-77c8cb2de4a1",0.241648,0.205884,0.552468,0.191103,0.346599,0.462298,0.253333,0.354279,0.392389,0.292582,0.395892,0.311526,0.264166,0.471639,0.264195,0.369285,0.404262,0.226453,0.323124,0.465241,0.211635,0.363229,0.450339,0.186432,0.363229,0.450339,0.186432,0.363229,0.450339,0.186432,0.337141,0.422782,0.240077,0.337141,0.422782,0.240077,0.337141,0.422782,0.240077,0.337141,0.422782,0.240077,0.337141,0.422782,0.240077
84,"b179b5f5-f180-4052-892e-698dffc10545",0,1,0,0,1,0,0,1,0,0,1,0,0,0.990504,0.009496,0,0.990504,0.009496,0,0.992403,0.007597,0,0.995252,0.004748,0,0.995252,0.004748,0,0.995252,0.004748,0,0.995252,0.004748,0,0.996201,0.003798,0,0.994881,0.005119,0,0.994881,0.005119,0,0.994881,0.005119
85,"b1cea15f-37f6-4c77-b9e9-84c9eb5efefd",0.024943,0.688678,0.286379,0.232397,0.513582,0.254021,0.37741,0.342388,0.280202,0.294755,0.493246,0.211999,0.364484,0.402348,0.233168,0.321414,0.476344,0.202241,0.408913,0.387776,0.203311,0.29253,0.541215,0.166255,0.288532,0.505745,0.205724,0.287612,0.513893,0.198495,0.269733,0.544141,0.186126,0.239763,0.594792,0.165445,0.234096,0.607274,0.15863,0.222391,0.62691,0.150699,0.222391,0.62691,0.150699
86,"422f9ff0-d6bf-4803-b66e-b92dae8c374a",0,0.887666,0.112334,0,0.749702,0.250298,0,0.720938,0.279062,0,0.790703,0.209297,0,0.832563,0.167437,0,0.860469,0.139531,0,0.906979,0.093021,0,0.901367,0.098633,0,0.908954,0.091046,0,0.908954,0.091046,0,0.908954,0.091046,0,0.915458,0.084542,0,0.889211,0.110789,0,0.889211,0.110789,0,0.889211,0.110789
87,"903459ba-11a4-4af5-88c7-87ee637f784e",0.033343,0.508524,0.458133,0.016672,0.375377,0.607952,0.016672,0.375377,0.607952,0.016672,0.375377,0.607952,0.011114,0.270353,0.718533,0.011114,0.270353,0.718533,0.011114,0.270353,0.718533,0.134597,0.236179,0.629224,0.179227,0.25819,0.562582,0.179227,0.25819,0.562582,0.179227,0.25819,0.562582,0.180988,0.315845,0.503167,0.180988,0.315845,0.503167,0.180988,0.315845,0.503167,0.180988,0.315845,0.503167
88,"8a1dd46b-bf8b-40f8-8e82-e4e63c572607",0,0,1,0,0,1,0,0,1,0,0,1,0,0,1,0,0,1,0,0,1,0,0,1,0,0,1,0,0,1,0,0,1,0,0,1,0,0,1,0,0,1,0,0,1
89,"e6be4c1d-a386-4a60-ad54-44b866f9aa46",0.055986,0.077001,0.867013,0.032586,0.050325,0.91709,0.032586,0.050325,0.91709,0.032586,0.050325,0.91709,0.021724,0.366883,0.611393,0.021724,0.366883,0.611393,0.021724,0.366883,0.611393,0.021724,0.366883,0.611393,0.021724,0.366883,0.611393,0.021724,0.366883,0.611393,0.021724,0.366883,0.611393,0.110573,0.215711,0.673716,0.110573,0.215711,0.673716,0.110573,0.215711,0.673716,0.110573,0.215711,0.673716
90,"13b7fd6a-c6e0-4635-b719-e29760384324",0.001405,0.357946,0.640649,0.001307,0.196424,0.802269,0.000871,0.130949,0.86818,0.01966,0.098212,0.882128,0.015728,0.118808,0.865464,0.015728,0.118808,0.865464,0.015728,0.118808,0.865464,0.013107,0.146502,0.840392,0.013107,0.146502,0.840392,0.013107,0.146502,0.840392,0.013107,0.146502,0.840392,0.013107,0.146502,0.840392,0.013107,0.146502,0.840392,0.013107,0.146502,0.840392,0.013107,0.146502,0.840392
91,"89a66a26-3538-4ed2-a951-7ba902b11407",0.03231,0.168584,0.799106,0.348448,0.137533,0.514019,0.289886,0.190536,0.519577,0.258985,0.169545,0.571469,0.271054,0.168454,0.560492,0.253942,0.198544,0.547514,0.197733,0.258132,0.544135,0.224899,0.195577,0.579524,0.214632,0.222733,0.562635,0.202649,0.2468,0.550551,0.203322,0.249322,0.547356,0.18355,0.238619,0.577831,0.173889,0.226061,0.60005,0.173889,0.226061,0.60005,0.173889,0.226061,0.60005
92,"5fc40d77-7167-490e-9e4f-3c1533547a6c",0.168058,0.006831,0.825111,0.222284,0.050984,0.726733,0.268324,0.07987,0.651806,0.445108,0.059903,0.494989,0.407924,0.047922,0.544154,0.379216,0.050401,0.570382,0.325043,0.100624,0.574334,0.343558,0.075734,0.580708,0.343558,0.075734,0.580708,0.357424,0.069229,0.573347,0.357424,0.069229,0.573347,0.357424,0.069229,0.573347,0.357424,0.069229,0.573347,0.357424,0.069229,0.573347,0.357424,0.069229,0.573347
93,"6a4d382c-8e5d-4073-8a4e-73b03309f840",0.524157,0.332717,0.143126,0.509864,0.308271,0.181866,0.496505,0.246387,0.257108,0.496505,0.246387,0.257108,0.508518,0.18479,0.306691,0.508518,0.18479,0.306691,0.508518,0.18479,0.306691,0.470033,0.152433,0.377534,0.470033,0.152433,0.377534,0.444252,0.191787,0.363961,0.432156,0.167813,0.400031,0.384139,0.149167,0.466694,0.364637,0.134848,0.500515,0.331488,0.184302,0.48421,0.331488,0.184302,0.48421
94,"4af8a837-1d5e-4e77-a252-5562162f3467",0.064218,0,0.935782,0.032109,0,0.967891,0.021406,0,0.978594,0.021406,0,0.978594,0.016054,0,0.983946,0.016054,0,0.983946,0.212844,0,0.787156,0.261818,0,0.738182,0.261818,0,0.738182,0.354091,0,0.645909,0.354091,0,0.645909,0.354091,0,0.645909,0.354091,0,0.645909,0.354091,0,0.645909,0.354091,0,0.645909
95,"4c98c501-fc64-4767-9305-40eb2af22410",0,0,1,0,0,1,0,0,1,0,0,1,0,0,1,0,0,1,0,0,1,0,0,1,0,0,1,0,0,1,0,0,1,0,0,1,0,0,1,0,0,1,0,0,1
96,"e71b7c1b-b8ee-4c0f-a608-532a9c461577",0.068705,0.229801,0.701494,0.099375,0.229592,0.671033,0.099375,0.229592,0.671033,0.06625,0.153061,0.780689,0.172192,0.200532,0.627277,0.172192,0.200532,0.627277,0.172192,0.200532,0.627277,0.250534,0.160425,0.589041,0.264524,0.144553,0.590923,0.264524,0.144553,0.590923,0.264524,0.144553,0.590923,0.264524,0.144553,0.590923,0.264524,0.144553,0.590923,0.264524,0.144553,0.590923,0.264524,0.144553,0.590923
97,"cba0a7bb-455d-458b-a98c-56c861cd815b",0.995466,0.004534,0,0.997733,0.002267,0,0.998489,0.001511,0,0.998489,0.001511,0,0.998866,0.001133,0,0.998866,0.001133,0,0.998866,0.001133,0,0.999093,0.000907,0,0.999093,0.000907,0,0.999093,0.000907,0,0.999093,0.000907,0,0.999093,0.000907,0,0.999093,0.000907,0,0.999093,0.000907,0,0.999093,0.000907,0
98,"78f47549-3ae2-4bc5-94e3-2684939bf130",0.003014,0,0.996986,0.001507,0,0.998493,0.001507,0,0.998493,0.334338,0,0.665662,0.260288,0,0.739712,0.20823,0,0.79177,0.173525,0,0.826475,0.130144,0,0.869856,0.130144,0,0.869856,0.130144,0,0.869856,0.115683,0,0.884317,0.09465,0,0.90535,0.09465,0,0.90535,0.09465,0,0.90535,0.09465,0,0.90535
99,"9236d13c-7f8b-4d63-a83a-02a09ea18ae3",0,0,0,1,0,0,1,0,0,1,0,0,1,0,0,1,0,0,1,0,0,1,0,0,1,0,0,1,0,0,1,0,0,1,0,0,1,0,0,1,0,0,1,0,0
100,"4ec8fef2-cc3e-4f95-b2a2-a5de08c28207",0.028588,0.294377,0.677035,0.057042,0.372578,0.57038,0.057042,0.372578,0.57038,0.038028,0.371286,0.590686,0.134256,0.340571,0.525174,0.237055,0.293736,0.469209,0.169325,0.352669,0.478006,0.215777,0.265864,0.518359,0.215777,0.265864,0.518359,0.206037,0.264711,0.529253,0.202981,0.262918,0.534101,0.202981,0.262918,0.534101,0.202981,0.262918,0.534101,0.202981,0.262918,0.534101,0.202981,0.262918,0.534101
101,"8873d812-5403-40e3-866d-d439b2711b0d",0.04591,0.379506,0.574584,0.108836,0.356594,0.53457,0.076041,0.250852,0.673106,0.307031,0.188139,0.50483,0.247673,0.2274,0.524926,0.247673,0.2274,0.524926,0.365425,0.1895,0.445075,0.253537,0.345971,0.400492,0.232409,0.326034,0.441556,0.232409,0.326034,0.441556,0.270481,0.279613,0.449905,0.252449,0.260972,0.486578,0.252449,0.260972,0.486578,0.252449,0.260972,0.486578,0.252449,0.260972,0.486578
102,"a7870283-36a9-4c8c-81c7-ea65f56c19d8",0.000012,0.336779,0.663209,0.000006,0.173601,0.826393,0.000006,0.173601,0.826393,0.000006,0.173601,0.826393,0.000006,0.173601,0.826393,0.000006,0.173601,0.826393,0.000006,0.173601,0.826393,0.000003,0.157667,0.84233,0.000002,0.126134,0.873864,0.000002,0.126134,0.873864,0.000002,0.126134,0.873864,0.000002,0.126134,0.873864,0.000002,0.126134,0.873864,0.000002,0.126134,0.873864,0.000002,0.126134,0.873864
103,"c1f13036-8d17-4660-8753-9dea984396a6",0,0,1,0,0,1,0,0,1,0,0,1,0,0,1,0,0,1,0,0,1,0,0,1,0,0,1,0,0,1,0,0,1,0,0,1,0,0,1,0,0,1,0,0,1
104,"52f9db4f-fd3e-4928-b7ec-d699f6f63952",0.316817,0.352626,0.330557,0.206231,0.284156,0.509613,0.137488,0.213557,0.648956,0.103116,0.371979,0.524905,0.106791,0.326726,0.566483,0.106791,0.326726,0.566483,0.106791,0.326726,0.566483,0.20281,0.274464,0.522726,0.177459,0.240156,0.582386,0.177459,0.240156,0.582386,0.157741,0.213472,0.628787,0.141967,0.192125,0.665908,0.141967,0.192125,0.665908,0.141967,0.192125,0.665908,0.129061,0.174659,0.69628
105,"947e4d15-672e-433a-9270-b53c9d7ae46e",0.000888,0.038019,0.961093,0.00047,0.036296,0.963234,0.000313,0.197837,0.80185,0.048426,0.391242,0.560332,0.040355,0.492702,0.466943,0.140602,0.422316,0.437082,0.220468,0.439579,0.339952,0.165351,0.413056,0.421592,0.165351,0.413056,0.421592,0.165351,0.413056,0.421592,0.165351,0.413056,0.421592,0.165351,0.413056,0.421592,0.165351,0.413056,0.421592,0.165351,0.413056,0.421592,0.165351,0.413056,0.421592
106,"4ca035e5-a040-441a-a298-384c176c3f74",0.286979,0.237696,0.475325,0.184298,0.346592,0.46911,0.18632,0.408767,0.404914,0.297505,0.382952,0.319543,0.29136,0.354602,0.354038,0.303583,0.30326,0.393157,0.281669,0.317315,0.401016,0.274443,0.419502,0.306054,0.251573,0.4342,0.314228,0.251573,0.4342,0.314228,0.251573,0.4342,0.314228,0.251573,0.4342,0.314228,0.251573,0.4342,0.314228,0.251573,0.4342,0.314228,0.251573,0.4342,0.314228
107,"ad0a7209-4d8d-4549-8ee6-0fca2b5e803c",0.555165,0.150158,0.294677,0.67583,0.126687,0.197484,0.560876,0.162987,0.276137,0.492389,0.12224,0.385371,0.475752,0.1637,0.360548,0.429152,0.202326,0.368522,0.446864,0.151744,0.401392,0.469985,0.230811,0.299205,0.469985,0.230811,0.299205,0.458629,0.248044,0.293326,0.443474,0.249161,0.307365,0.430212,0.250139,0.319649,0.455899,0.236673,0.307428,0.455899,0.236673,0.307428,0.455899,0.236673,0.307428
108,"e6e0dfec-1415-4b16-bddc-74add545cf67",1,0,0,1,0,0,1,0,0,1,0,0,1,0,0,1,0,0,1,0,0,1,0,0,1,0,0,1,0,0,1,0,0,1,0,0,1,0,0,1,0,0,1,0,0
109,"cc4d2b00-0fff-479f-b0b5-3ac5ad05c06a",0,1,0,0,1,0,0,1,0,0,1,0,0,1,0,0,1,0,0,1,0,0,1,0,0,1,0,0,1,0,0,1,0,0,1,0,0,1,0,0,1,0,0,1,0
110,"07a17b04-2d7c-4ae0-bf37-f3b1ae7ba047",0.45559,0,0.54441,0.569746,0,0.430254,0.557793,0,0.442207,0.418345,0,0.581655,0.499142,0,0.500858,0.582619,0,0.417382,0.642244,0,0.357756,0.59405,0,0.40595,0.59405,0,0.40595,0.569336,0,0.430665,0.602464,0,0.397536,0.614502,0,0.385498,0.606528,0,0.393472,0.621573,0,0.378427,0.621573,0,0.378427
111,"e91eda19-89cd-4b90-839e-ba6afd1d5b06",0.803324,0.043916,0.15276,0.589447,0.273696,0.136856,0.565778,0.212964,0.221258,0.565778,0.212964,0.221258,0.545586,0.194174,0.26024,0.545586,0.194174,0.26024,0.436469,0.155339,0.408192,0.375368,0.283291,0.341341,0.333661,0.330281,0.336058,0.333661,0.330281,0.336058,0.336124,0.29813,0.365747,0.280103,0.331775,0.388122,0.280103,0.331775,0.388122,0.280103,0.331775,0.388122,0.280103,0.331775,0.388122
112,"577aadb3-1888-4b98-b8a7-90a56fd11eb6",0,0,0,0,0,0,0,0,0,0,0,0,0,0,0,0,0,0,0,0,0,0,0,0,0,0,0,0,0,0,0,0,0,0,0,0,0,0,0,0,0,0,0,0,0
113,"aeb5b1f2-f6a5-45e4-abd5-f75b982415b6",0.1648,0.425691,0.409509,0.161901,0.381351,0.456748,0.161465,0.301736,0.536799,0.121098,0.226302,0.652599,0.121098,0.226302,0.652599,0.118935,0.263362,0.617703,0.099112,0.3762,0.524687,0.154906,0.341519,0.503575,0.154906,0.341519,0.503575,0.154906,0.341519,0.503575,0.154906,0.341519,0.503575,0.140824,0.310472,0.548705,0.140824,0.310472,0.548705,0.140824,0.310472,0.548705,0.140824,0.310472,0.548705
114,"35cb8808-4742-46b2-b9d9-fa15d73391f9",0.321665,0.232494,0.445841,0.174,0.260325,0.565675,0.116,0.17355,0.71045,0.116,0.17355,0.71045,0.133873,0.175518,0.690609,0.133873,0.175518,0.690609,0.133873,0.175518,0.690609,0.182169,0.225141,0.59269,0.182169,0.225141,0.59269,0.182169,0.225141,0.59269,0.182169,0.225141,0.59269,0.182169,0.225141,0.59269,0.182169,0.225141,0.59269,0.182169,0.225141,0.59269,0.182169,0.225141,0.59269
115,"7f09cdf6-5bda-4a4f-ae9b-213adafe406f",0.418483,0.211109,0.370408,0.363902,0.404818,0.23128,0.363902,0.404818,0.23128,0.363902,0.404818,0.23128,0.575935,0.269879,0.154186,0.575935,0.269879,0.154186,0.431951,0.452409,0.11564,0.431951,0.452409,0.11564,0.431951,0.452409,0.11564,0.431951,0.452409,0.11564,0.431951,0.452409,0.11564,0.431951,0.452409,0.11564,0.431951,0.452409,0.11564,0.431951,0.452409,0.11564,0.431951,0.452409,0.11564
116,"3ff62f89-d91d-4cc9-9c0d-290944531ab8",0.080872,0.579153,0.339975,0.041849,0.302145,0.656007,0.041849,0.302145,0.656007,0.041849,0.302145,0.656007,0.027899,0.533879,0.438222,0.020924,0.54364,0.435436,0.020924,0.54364,0.435436,0.01395,0.514958,0.471092,0.011957,0.58425,0.403793,0.064522,0.540772,0.394706,0.064522,0.540772,0.394706,0.064522,0.540772,0.394706,0.064522,0.540772,0.394706,0.064522,0.540772,0.394706,0.064522,0.540772,0.394706
117,"2d5ca692-eb38-4b64-980c-8213b85ed008",0.061483,0.579775,0.358742,0.048,0.683917,0.268084,0.033319,0.6129,0.353781,0.024989,0.545663,0.429348,0.033943,0.557094,0.408963,0.078711,0.464245,0.457045,0.153317,0.440405,0.406278,0.102211,0.46027,0.437519,0.094349,0.424865,0.480786,0.123211,0.415624,0.461165,0.108484,0.380052,0.511464,0.102252,0.373113,0.524635,0.102252,0.373113,0.524635,0.102252,0.373113,0.524635,0.102252,0.373113,0.524635
118,"54b8151d-3b5c-4515-8682-d9ff41ab1c5f",0.963981,0.02092,0.015099,0.497279,0.169985,0.332737,0.497279,0.169985,0.332737,0.41082,0.181524,0.407656,0.428397,0.170167,0.401436,0.350042,0.300293,0.349665,0.256443,0.430231,0.313326,0.29157,0.469476,0.238955,0.29157,0.469476,0.238955,0.293569,0.44707,0.259362,0.319964,0.405524,0.274512,0.30504,0.398622,0.296337,0.30504,0.398622,0.296337,0.30504,0.398622,0.296337,0.30504,0.398622,0.296337
119,"20bf17fd-aef4-40eb-99fb-b63a43fa534a",0.227355,0.021705,0.75094,0.122504,0.261977,0.615519,0.152016,0.308159,0.539825,0.261231,0.250164,0.488605,0.241915,0.315609,0.442476,0.208435,0.264639,0.526927,0.16394,0.292644,0.543417,0.102556,0.304864,0.592581,0.09523,0.353236,0.551534,0.089808,0.331564,0.578629,0.084195,0.373341,0.542464,0.079242,0.35138,0.569378,0.079242,0.35138,0.569378,0.079242,0.35138,0.569378,0.079242,0.35138,0.569378
120,"d627eede-1b7b-4876-ab25-1ff42ae0280f",0.285644,0.263553,0.450802,0.307271,0.249416,0.443313,0.213883,0.22685,0.559267,0.209062,0.371487,0.41945,0.327132,0.306609,0.366259,0.327132,0.306609,0.366259,0.27261,0.422174,0.305216,0.363566,0.275756,0.360678,0.363566,0.275756,0.360678,0.363566,0.275756,0.360678,0.380166,0.291786,0.328047,0.407535,0.25995,0.332515,0.407535,0.25995,0.332515,0.407535,0.25995,0.332515,0.407535,0.25995,0.332515
121,"b509fbbc-eeea-43f6-b8c0-53e82b70aeed",0.060209,0.164489,0.775302,0.045849,0.142849,0.811302,0.04702,0.285492,0.667488,0.035265,0.456878,0.507858,0.033744,0.403844,0.562412,0.042099,0.392129,0.565772,0.055937,0.309361,0.634702,0.136079,0.210295,0.653626,0.136079,0.210295,0.653626,0.14934,0.201965,0.648695,0.14934,0.201965,0.648695,0.14934,0.201965,0.648695,0.138673,0.253461,0.607866,0.138673,0.253461,0.607866,0.138673,0.253461,0.607866
122,"2697121b-b81c-48aa-b133-e097208b2b42",0.161094,0.576977,0.261929,0.143694,0.662031,0.194275,0.161403,0.655907,0.18269,0.262694,0.589411,0.147895,0.255944,0.620555,0.123501,0.255604,0.607531,0.136865,0.274351,0.584383,0.141266,0.196072,0.64132,0.162608,0.19028,0.593134,0.216586,0.19028,0.593134,0.216586,0.248117,0.550767,0.201116,0.221489,0.543013,0.235498,0.221489,0.543013,0.235498,0.221489,0.543013,0.235498,0.221489,0.543013,0.235498
123,"ee840f5f-e0fe-4a43-8202-6dd6c63ed0a2",0.175104,0.236969,0.587927,0.099163,0.132983,0.767854,0.24631,0.096089,0.657602,0.184732,0.094469,0.720799,0.158625,0.077782,0.763593,0.158625,0.077782,0.763593,0.158625,0.077782,0.763593,0.119542,0.089127,0.791331,0.104599,0.077986,0.817415,0.092977,0.069321,0.837702,0.090738,0.113919,0.795342,0.090738,0.113919,0.795342,0.173398,0.103563,0.723039,0.173398,0.103563,0.723039,0.173398,0.103563,0.723039
124,"a77714ce-46c4-4332-8e17-bd2290b5c684",0.49054,0.208705,0.300755,0.396899,0.310836,0.292265,0.414573,0.35264,0.232787,0.497593,0.327817,0.17459,0.550299,0.270348,0.179353,0.534454,0.294621,0.170925,0.534454,0.294621,0.170925,0.549997,0.331042,0.118961,0.549997,0.331042,0.118961,0.549997,0.331042,0.118961,0.541664,0.359202,0.099134,0.576921,0.331571,0.091509,0.607141,0.307887,0.084972,0.607141,0.307887,0.084972,0.607141,0.307887,0.084972
125,"0292cdba-85c9-4dc6-8b9e-079f15a49a3b",0.259137,0.431629,0.309233,0.357364,0.312417,0.330219,0.377114,0.267553,0.355333,0.439831,0.242453,0.317715,0.432702,0.215753,0.351546,0.432702,0.215753,0.351546,0.517428,0.179794,0.302778,0.522382,0.213083,0.264536,0.508877,0.195326,0.295797,0.546656,0.180301,0.273044,0.524741,0.200362,0.274897,0.585397,0.168377,0.246225,0.585397,0.168377,0.246225,0.585397,0.168377,0.246225,0.585397,0.168377,0.246225
126,"544ef295-33ea-4dad-8eed-2d1ca2d1112d",0.289207,0.340827,0.369965,0.206429,0.363166,0.430405,0.250204,0.26652,0.483276,0.187653,0.44989,0.362457,0.187653,0.44989,0.362457,0.238333,0.382606,0.379061,0.269232,0.330661,0.400107,0.29179,0.202153,0.506057,0.29179,0.202153,0.506057,0.29179,0.202153,0.506057,0.29179,0.202153,0.506057,0.320752,0.199184,0.480064,0.320752,0.199184,0.480064,0.320752,0.199184,0.480064,0.320752,0.199184,0.480064
127,"f546693d-ce5d-4af6-8dbe-0fe090954ab7",0.193461,0.549356,0.257183,0.181745,0.65637,0.161885,0.160002,0.551306,0.288692,0.163049,0.578014,0.258937,0.132769,0.605697,0.261533,0.132769,0.605697,0.261533,0.184161,0.597895,0.217944,0.157852,0.512481,0.329667,0.157852,0.512481,0.329667,0.138121,0.573421,0.288458,0.138121,0.573421,0.288458,0.138121,0.573421,0.288458,0.138121,0.573421,0.288458,0.138121,0.573421,0.288458,0.138121,0.573421,0.288458
128,"6214d163-4333-4334-82b6-50ea6bf20b93",0.19039,0.359986,0.449624,0.247417,0.267892,0.484691,0.287833,0.274576,0.437591,0.296408,0.271936,0.431656,0.265856,0.30698,0.427163,0.265856,0.30698,0.427163,0.217578,0.435364,0.347058,0.234895,0.293112,0.471993,0.234895,0.293112,0.471993,0.23794,0.29106,0.471,0.251735,0.275356,0.472909,0.264879,0.289076,0.446045,0.264879,0.289076,0.446045,0.264879,0.289076,0.446045,0.264879,0.289076,0.446045
129,"94d19c72-a97f-46b2-b31a-7c8b2d904a79",0.904819,0.080171,0.01501,0.582149,0.215596,0.202255,0.572852,0.166926,0.260222,0.572852,0.166926,0.260222,0.458199,0.317273,0.224528,0.458199,0.317273,0.224528,0.366559,0.253819,0.379622,0.451797,0.272065,0.276138,0.506617,0.244859,0.248524,0.506617,0.244859,0.248524,0.506617,0.244859,0.248524,0.506617,0.244859,0.248524,0.506617,0.244859,0.248524,0.506617,0.244859,0.248524,0.460561,0.222599,0.31684
130,"7e3582ae-34c9-4e06-a28c-2fd76d881ff5",0.24618,0.42253,0.33129,0.256116,0.294402,0.449482,0.271579,0.30396,0.424462,0.203684,0.22797,0.568346,0.162947,0.208857,0.628195,0.162947,0.208857,0.628195,0.137052,0.33644,0.526508,0.109884,0.296993,0.593123,0.171516,0.286947,0.541537,0.171516,0.286947,0.541537,0.171516,0.286947,0.541537,0.246175,0.239184,0.514641,0.24021,0.279458,0.480332,0.24021,0.279458,0.480332,0.24021,0.279458,0.480332
131,"aaa821ff-477a-48fe-9c65-86c394d038d1",0,1,0,0,1,0,0,1,0,0,1,0,0,1,0,0,1,0,0,1,0,0,1,0,0,1,0,0,1,0,0,1,0,0,1,0,0,1,0,0,1,0,0,1,0
132,"3a82f670-630a-487c-8449-0603c288d7c3",0.580086,0.133072,0.286842,0.33539,0.08009,0.584519,0.243805,0.064466,0.691729,0.182854,0.048349,0.768797,0.180971,0.039701,0.779328,0.180971,0.039701,0.779328,0.150809,0.033084,0.816107,0.191103,0.064008,0.744889,0.191103,0.064008,0.744889,0.183212,0.071317,0.745471,0.192738,0.123914,0.683348,0.187997,0.14493,0.667073,0.187997,0.14493,0.667073,0.187997,0.14493,0.667073,0.187997,0.14493,0.667073
133,"851ea925-ab15-494b-9b03-037fdc88569c",0.226486,0.222703,0.550811,0.195412,0.340133,0.464455,0.241803,0.350296,0.407901,0.407337,0.276668,0.315995,0.464967,0.240967,0.294066,0.464967,0.240967,0.294066,0.414688,0.278793,0.306519,0.347675,0.318153,0.334172,0.412908,0.286337,0.300755,0.412908,0.286337,0.300755,0.360619,0.346891,0.29249,0.380531,0.332883,0.286586,0.380531,0.332883,0.286586,0.380531,0.332883,0.286586,0.380531,0.332883,0.286586
134,"ce09776c-d36f-4bc9-818f-dbf38c17b553",0.389722,0.274814,0.335465,0.31605,0.312572,0.371377,0.36746,0.339587,0.292954,0.36746,0.339587,0.292954,0.299708,0.415228,0.285064,0.299708,0.415228,0.285064,0.299708,0.415228,0.285064,0.272282,0.442497,0.285221,0.233385,0.379283,0.387332,0.233385,0.379283,0.387332,0.291035,0.354773,0.354192,0.259203,0.447665,0.293132,0.259203,0.447665,0.293132,0.259203,0.447665,0.293132,0.259203,0.447665,0.293132
135,"f1650b04-88a2-486d-a3bd-012a1d390050",0.270693,0.341547,0.38776,0.597242,0.187853,0.214905,0.506755,0.194496,0.298749,0.42256,0.250766,0.326674,0.418262,0.200819,0.380919,0.418262,0.200819,0.380919,0.418262,0.200819,0.380919,0.363738,0.1448,0.491463,0.363738,0.1448,0.491463,0.363738,0.1448,0.491463,0.363738,0.1448,0.491463,0.263177,0.103075,0.633747,0.239252,0.184614,0.576134,0.239252,0.184614,0.576134,0.239252,0.184614,0.576134
136,"c069777f-825e-4516-9cb7-47b5bb4e62ee",0.099927,0.55334,0.346733,0.160141,0.479281,0.360578,0.286561,0.431135,0.282304,0.373208,0.372255,0.254537,0.363403,0.346334,0.290263,0.363403,0.346334,0.290263,0.402431,0.390238,0.207331,0.388987,0.29571,0.315303,0.388987,0.29571,0.315303,0.388987,0.29571,0.315303,0.388987,0.29571,0.315303,0.388987,0.29571,0.315303,0.388987,0.29571,0.315303,0.388987,0.29571,0.315303,0.388987,0.29571,0.315303
137,"83d9dca1-d698-4453-bda3-f3733ef8d406",0.031624,0.003436,0.96494,0.018443,0.009107,0.97245,0.012295,0.081068,0.906637,0.012295,0.081068,0.906637,0.009222,0.168899,0.82188,0.009222,0.168899,0.82188,0.009222,0.168899,0.82188,0.006148,0.14788,0.845973,0.006148,0.14788,0.845973,0.006148,0.14788,0.845973,0.006148,0.14788,0.845973,0.005269,0.269611,0.72512,0.005269,0.269611,0.72512,0.005269,0.269611,0.72512,0.005269,0.269611,0.72512
138,"fc87af94-432d-49cc-afc0-fcfc2203f48f",0.560148,0.286227,0.153625,0.517292,0.271977,0.210732,0.489402,0.236013,0.274585,0.617052,0.17701,0.205939,0.525992,0.168163,0.305845,0.525992,0.168163,0.305845,0.528981,0.179714,0.291305,0.452205,0.272981,0.274814,0.472459,0.24265,0.284891,0.478513,0.253108,0.26838,0.435011,0.251005,0.313983,0.456506,0.255676,0.287818,0.456506,0.255676,0.287818,0.456506,0.255676,0.287818,0.456506,0.255676,0.287818
